site,index_value,air_quality_score
Liberty,0.0,1.0
Lawrenceville 2,2.5,0.95
Parkway East,12.666666666666666,0.7466666666666667
Glassport High Street,14.0,0.72
North Braddock,14.75,0.7050000000000001
Pittsburgh,18.0,0.64
Liberty 2,19.0,0.62
Harrison Township,28.666666666666668,0.42666666666666664
Avalon,29.0,0.42000000000000004
Clairton,34.0,0.31999999999999995
Lawrenceville,40.0,0.19999999999999996
South Fayette,50.0,0.0
